checked_on,platform,brand,name,url,status,evidence,source_url,retrieval,followers_observed,posts_observed,review_note,metrics_note
2026-10-07,Facebook,DONLEGEND,Donlegend empire,https://www.facebook.com/bonga.bhengu/,matched,Fashion description and +27 81 774 6377 match the supplied business contact.,https://www.facebook.com/bonga.bhengu/,Public search index; direct page fetch throttled.,,,,
2026-10-07,LinkedIn,Bonga Bhengu,Bonga Bhengu,https://za.linkedin.com/in/bonga-bhengu-3574588a,matched,Biography describes a South African fashion designer and Donlegend Empire. Accessible posts link to the Bonga YouTube channel.,https://www.linkedin.com/posts/bonga-bhengu-3574588a_bonga-bhengu-innovative-ai-fashion-designer-activity-7285883107277234176-wQhg,Profile indexed; public post fetched; direct profile fetch unavailable.,11539,836,,"Numbers displayed on public LinkedIn post pages when retrieved. Snapshot observations, not live analytics or measured reach."
2026-10-07,YouTube,Bonga Bhengu,Bonga Bhengu,https://youtube.com/@bonga.bhengu,matched_crosslink,Linked from Bonga’s fashion LinkedIn post inviting users to subscribe to his channel.,https://www.linkedin.com/posts/bonga-bhengu-3574588a_bonga-bhengu-innovative-ai-fashion-designer-activity-7285883107277234176-wQhg,Channel destination exposed by LinkedIn redirect; direct YouTube fetch unavailable.,,,,
2026-10-07,LinkedIn,Bonga Bhengu,Bonga Bhengu — mr,https://za.linkedin.com/in/bonga-bhengu-aa99927,matched_historical,"Durban, Passion Production and Durban University of Technology match career context.",https://za.linkedin.com/in/bonga-bhengu-aa99927,Public index only; direct profile fetch unavailable.,,,Possible duplicate or historical profile. An indexed employment listing says Passion Production 2010–Present; the later supplied CV says 2010–2012. Confirm the dates and preferred profile before updating LinkedIn.,
2026-10-07,Facebook,Bonga Bhengu,Bonga Bhengu — digital creator,https://www.facebook.com/bonga.bhengu.31/,candidate,"Name and Durban match, but professional fashion or business contact identity could not be confirmed.",https://www.facebook.com/bonga.bhengu.31/,Public index; direct page fetch throttled.,,,,
2026-10-07,Pinterest,DONLEGEND,the donlegend board,https://za.pinterest.com/donlegendempire/the-donlegend/,candidate,Brand-like account name and fashion board; ownership not confirmed.,https://za.pinterest.com/donlegendempire/the-donlegend/,Public search index.,,,,
2026-10-07,Instagram,Bonga Bhengu / DONLEGEND / Innovative AI Design,,,not_confirmed,No sufficiently matched public account found in the searches performed.,,Public search; namesakes excluded.,,,,
2026-10-07,TikTok,Bonga Bhengu / DONLEGEND / Innovative AI Design,,,not_confirmed,No matched canonical account URL verified.,,Platform blocked by robots.txt; public crosslinks and search were inconclusive.,,,,
2026-10-07,X,Bonga Bhengu / DONLEGEND / Innovative AI Design,,,not_confirmed,LinkedIn shares an Xurubiz link; sharing does not establish account ownership.,https://www.linkedin.com/posts/bonga-bhengu-3574588a_xurubiz-glo-xurubiz-on-x-activity-7171597223191941121-ampd,Public LinkedIn post fetched; no owned X profile confirmed.,,,,
2026-10-07,Facebook / Instagram,Innovative AI Design,,,not_confirmed,"Supplied brand brief proposes @InnovativeAIDesign, but an owned account or handle availability was not confirmed.",,Public search and supplied branding brief.,,,,
2026-10-07,GitHub,Bonga Bhengu,bongabhenguai-art/pixel,https://github.com/bongabhenguai-art/pixel,access_unavailable,"User supplied the exact project path. Repository lookup returned 404 using the connected bongabhenguai-art account. Accessible-repository listing returned zuxuru, not pixel.",https://github.com/bongabhenguai-art/pixel,"Connected GitHub API lookup, 7 October 2026.",,,,
